cmc_rank,date_added,symbol,name,price,percent_change_1h,percent_change_24h,percent_change_7d,percent_change_30d,percent_change_60d,percent_change_90d,Ticker,Memetics,Risk,Category,Minimal BI,Optimal BI,Generational Price,60x Buy Price,D4,Lower Target Price,Median Target Price,Out Target Price,WW,Last Update,Target Price Source,Strategy Tier,Focus List,Investement %,Price in November 10th (2022),Buy,Drop needed Minimal BI,Drop  needed to Optimal BI,Drop needed to 60x
416,2020-08-28T00:00:00.000Z,ACA,Acala Token,0.04771413212093168,-4.32,14.51,14.85,-18.07,-33.98,23.63,ACA,Polkadot interoperability for DeFi,High Risk (EHR),DeFi,0.03,0.017,0.01,0.035416667,,0.85,2.125,3.4,26.0,45107.0,Suppoman,Super Risk One Shot,1.0,,0.1095,0,37.13,64.37,25.77
7,2017-10-01T00:00:00.000Z,ADA,Cardano,0.2548518884386996,-0.15,-0.25,0.28,-14.0,-10.76,-16.99,ADA,,Low Risk (LR),Layer 1,0.0,0.12,0.0,0.058333333,,0.0,3.5,7.0,0.0,,Suppoman,Blocked,,,0.31657627,0,100,52.91,77.11
112,2018-01-18T00:00:00.000Z,AGIX,SingularityNET,0.1933205247062621,0.09,3.76,7.27,-7.67,-15.89,-22.24,AGIX,,Medium Risk (VHR),AI,0.0,0.0,0.0,0.008333333,,1.0,0.5,0.0,0.0,,,Invest After Research,1.0,0.04,0.4453,0,100,100,95.69
1655,2023-03-01T03:12:00.000Z,AIPAD,AIPAD,0.058973479022563786,-0.13,1.31,-6.76,6.35,8.04,-18.44,AIPAD,,Degen (GHR),AI,0.0,0.0,0.015,0.016666667,,0.0,1.0,2.0,31.0,45140.0,Suppoman,,,,N/A,0,100,100,71.74
46,2019-06-20T00:00:00.000Z,ALGO,Algorand,0.0952579146381627,-0.18,3.22,2.68,-16.43,-14.52,-23.14,ALGO,,Medium Risk (HR),Layer 1,0.14,0.09,0.06,0.039166667,,1.3,2.35,5.85,0.0,,NO BS - Suppoman,DCA,1.0,0.07,0.265649297,1,-46.97,5.52,58.88
325,2022-01-05T09:29:06.000Z,ALI,Artificial Liquid Intelligence,0.01596338489188192,0.45,1.44,1.62,-5.46,-21.9,-37.16,ALI,,High Risk (EHR),AI,0.0,0.0,0.009,0.0075,,0.0,0.45,0.9,31.0,45140.0,Suppoman,Invest After Research,1.0,,0.0089165,0,100,100,53.02
36,2022-10-19T01:50:25.000Z,APT,Aptos,5.593258251741477,-0.23,2.21,1.14,-16.94,-21.39,-25.32,APT,,Low Risk (MR),Layer 1,4.0,3.0,1.5,1.25,,0.0,75.0,150.0,0.0,,Suppoman,Price Target Only,,,3.932399097,0,28.49,46.36,77.65
38,2023-03-23T12:50:11.000Z,ARB,Arbitrum,0.9051352035125734,-0.22,1.59,-1.16,-21.31,-19.99,-20.07,ARB,,Low Risk (MR),Layer 1,0.7,0.4,0.2,0.25,,0.0,15.0,30.0,0.0,,Suppoman,Need to Research,,,N/A,0,22.66,55.81,72.38
94,2021-10-19T09:53:03.000Z,ASTR,Astar,0.059103008913075544,-0.28,6.91,5.58,12.17,40.67,40.71,ASTR,,Medium Risk (VHR),Interoperability - Layer 2,0.0,0.02,0.0,0.0,,0.0,0.0,0.0,0.0,,,Blocked,,,0.036673888,0,100,66.16,100
28,2019-03-14T00:00:00.000Z,ATOM,Cosmos,6.83836690029534,-0.22,0.75,-1.36,-19.91,-27.61,-26.51,ATOM,,Low Risk (LR),Connected Blockchains,5.0,3.0,2.0,1.25,,0.0,75.0,150.0,0.0,,Suppoman,TOM,,,9.759606834,0,26.88,56.13,81.72
19,2020-07-13T00:00:00.000Z,AVAX,Avalanche,9.94534004926285,0.02,0.71,-0.81,-21.26,-28.13,-28.9,AVAX,,Low Risk (LR),Layer 1,5.0,3.0,2.0,2.5,,0.0,150.0,300.0,0.0,,Suppoman,TOM,,,12.88266281,0,49.73,69.84,74.86
160,2022-02-02T02:48:14.000Z,AXL,Axelar,0.35576039874175885,-0.06,-0.71,4.7,-9.07,6.33,-18.09,AXL,,Medium Risk (VHR),Interoperability,0.225,0.15,0.1,0.083333333,,0.0,5.0,10.0,0.0,,Suppoman,Invest and Hold,1.0,0.05,0.6465,0,36.76,57.84,76.58
223,2021-09-20T16:55:23.000Z,AZERO,Aleph Zero,0.8116031475747065,-0.06,6.39,0.77,-12.77,-7.49,-17.58,AZERO,,Medium Risk (VHR),Layer 1,0.5,0.35,0.25,0.5,,0.0,30.0,60.0,0.0,,Suppoman,Invest and Hold,1.0,0.04,0.794262049,0,38.39,56.88,38.39
106,2017-06-01T00:00:00.000Z,BAT,Basic Attention Token,0.1705147483020928,0.11,0.93,0.46,-20.31,-9.7,-12.75,BAT,,Medium Risk (VHR),Content Creation,0.0,0.0,0.0,0.0,,0.0,0.0,0.0,0.0,,,TOM,,,0.23104032,0,100,100,100
565,2021-11-16T03:46:11.000Z,BOBA,Boba Network,0.11976521808005626,0.1,1.6,-0.83,-9.73,-10.17,-25.65,BOBA,Optimistic Roleups Interoperability chain,High Risk (EHR),Interoperability,0.0,0.05,0.0,0.104166667,,5.0,6.25,7.5,26.0,45107.0,Suppoman,Blocked,,,0.219452322,0,100,58.25,13.02
117,2021-09-13T19:17:01.000Z,BONE,Bone ShibaSwap,0.969416072612228,-0.01,-3.85,-19.2,-41.58,-29.65,23.74,BONE,,Medium Risk (VHR),Meme Eco System,0.25,0.15,0.06,0.25,,0.0,15.0,30.0,0.0,,Suppoman,Price Target Only,,,0.027797924,0,74.21,84.53,74.21
2475,2023-07-17T12:36:35.000Z,BROCK,Bitrock,0.07266846530157595,0.19,5.99,-17.94,25.49,1907.04,1907.04,BROCK,,Degen (GHR),Layer 2,0.0,0.0,0.0,0.0,,0.0,0.0,0.0,0.0,,,Super Risk One Shot,1.0,,N/A,0,100,100,100
1,2010-07-13T00:00:00.000Z,BTC,Bitcoin,25860.35499284005,0.13,0.99,-1.88,-12.99,-14.58,-2.34,BTC,,Stable(LR),Store of Value,14000.0,12000.0,9000.0,1666.666667,,0.0,100000.0,200000.0,0.0,,,No Risk Portfolio,,,15863.9965,0,45.86,53.6,93.56
2469,2022-08-22T12:47:13.000Z,CANTO,CANTO,0.08839412860113581,-0.02,0.006,-0.04,-17.8,-28.41,-41.31,CANTO,,Degen (GHR),Defi,0.0,0.0,0.0,0.0,,0.0,0.0,0.0,0.0,,,Blocked,,,N/A,0,100,100,100
920,2023-04-10T12:12:43.000Z,CGPT,ChainGPT,0.04439786248782471,0.37,-5.9,-21.04,-27.86,-41.99,-59.65,CGPT,,Degen (GHR),AI,0.0,0.03,0.025,0.033333333,,1.5,2.0,2.5,31.0,45140.0,Suppoman,Super Risk One Shot,,,N/A,0,100,32.43,24.92
80,2020-07-21T00:00:00.000Z,CSPR,Casper,0.034134911566236235,-0.4,-0.3,-2.96,-14.94,-8.75,-21.65,CSPR,,Medium Risk (VHR),Adoption,0.018,0.015,0.0099,0.016666667,,0.0,1.0,2.0,0.0,,Suppoman,Invest After Research,,,0.1227,0,47.27,56.06,51.17
758,2022-01-31T02:46:54.000Z,CULT,Cult DAO,2.144962331065731e-06,1.28,2.04,3.53,-17.13,-27.19,-35.4,CULT,,Degen (GHR),Meme,0.0,0.0,0.0,0.0,,0.0,0.0,0.0,0.0,,,Blocked,,,5.06651e-06,0,100,100,100
456,2021-08-24T00:00:00.000Z,DAR,Mines of Dalarnia,0.08357685206366204,0.01,-1.25,1.51,-22.14,-16.82,-26.97,DAR,,High Risk (EHR),Gaming,0.05,0.0,0.0,0.0,,0.0,0.0,0.0,28.0,45108.0,Suppoman,Price Target only,,,N/A,0,40.17,100,100
702,2022-08-16T15:08:33.000Z,DC,Dogechain,0.0005491634173096888,-0.48,0.23,-8.64,-17.48,-16.51,-23.4,DC,,High Risk (EHR),Layer 1,0.0004,0.0001,8e-05,0.000416667,,0.0,0.025,0.05,0.0,,Suppoman,Invest and Hold,1.0,0.05,0.001102981,0,27.16,81.79,24.13
259,2021-06-15T00:00:00.000Z,DESO,Decentralized Social,8.794749027315074,-0.08,0.47,-2.55,-2.7,-0.83,-6.05,DESO,,High Risk (EHR),Social Media,0.0,2.0,0.0,0.0,,0.0,0.0,0.0,0.0,,,Invest After Research,1.0,0.03,9.155,0,100,77.26,100
677,2021-12-23T16:34:38.000Z,DOME,Everdome,0.000700660299514293,0.03,1.44,-6.85,-31.56,-39.04,-43.99,DOME,,High Risk (EHR),Metaverse,0.0,0.0005,0.0,0.001041667,,0.025,0.0625,0.1,26.0,45107.0,Suppman,Super Risk One Shot,,,0.002043,3,100,28.64,-48.67
12,2020-08-19T00:00:00.000Z,DOT,Polkadot,4.258158855260227,-0.19,1.0,-1.25,-15.69,-16.4,-15.03,DOT,,Low Risk (LR),Layer 0,3.0,2.0,1.0,1.5,,0.0,90.0,180.0,0.0,,Suppoman,TOM,,,5.405016881,0,29.55,53.03,64.77
52,2020-09-04T00:00:00.000Z,EGLD,MultiversX,24.618280982416206,-0.12,1.16,-4.44,-22.2,-28.53,-29.26,EGLD,,Medium Risk (HR),Layer 1,25.0,20.0,9.5,12.5,,0.0,750.0,1500.0,0.0,,Suppoman,Price Target Only,,,42.10755342,1,-1.55,18.76,49.22
2,2015-08-07T00:00:00.000Z,ETH,Ethereum,1633.7918382897194,0.06,0.82,-1.49,-11.79,-12.45,-11.26,ETH,,Stable(LR),Smart Contracts,800.0,650.0,300.0,208.3333333,,0.0,12500.0,25000.0,0.0,,Suppoman,No Risk Portfolio,,,1099.622243,0,51.03,60.22,87.25
2240,2022-05-02T16:13:03.000Z,EVMOS,Evmos,0.05755218460086313,-0.22,2.66,-7.26,-20.21,-37.2,-47.11,EVMOS,,Degen (GHR),Interoperability,0.2,0.135,0.08,0.058333333,,2.0,3.5,5.0,0.0,,Suppoman,Blocked,1.0,,1.2278,3,-247.51,-134.57,-1.36
127,2019-03-02T00:00:00.000Z,FET,Fetch.ai,0.24424744279601981,0.26,-2.72,5.03,22.54,11.42,8.93,FET,,Medium Risk (VHR),AI,0.0,0.0,0.0,0.0,,0.0,0.0,0.0,0.0,,,Invest After Research,,,0.06884,0,100,100,100
171,2018-08-02T00:00:00.000Z,FLUX,Flux,0.37839665021435903,0.02,14.33,21.91,-4.64,-10.0,-16.04,FLUX,,Medium Risk (VHR),WEB3,0.3,0.25,0.1,0.1625,,3.0,9.75,12.0,31.0,45140.0,"Suppoman, NO BS",TOM,1.0,,0.506681792,0,20.72,33.93,57.06
85,2020-09-16T00:00:00.000Z,GALA,Gala,0.015959962395357186,-0.3,0.72,-16.12,-32.25,-34.28,-38.42,GALA,,Medium Risk (HR),Gaming,0.02,0.015,0.0085,0.012,,0.13,0.72,1.0,24.0,45093.0,Suppoman,Invest and Hold,1.0,0.05,0.025583424,1,-25.31,6.01,24.81
617,2023-02-04T23:52:41.000Z,GFAL,Games for a Living,0.023004203008571564,2.4,16.03,30.66,66.21,56.63,115.91,GFAL,,Degen (GHR),Gaming,0.003,0.002,0.001,0.00415,,0.0,0.249,0.498,28.0,45108.0,Suppoman,Super Risk One Shot,,,N/A,0,86.96,91.31,81.96
165,2022-01-11T12:55:50.000Z,GLMR,Moonbeam,0.1840868205076706,-0.67,1.29,-3.33,-20.9,-23.78,-29.06,GLMR,,Medium Risk (VHR),Interoperability,0.25,0.1,0.05,0.113333333,,4.5,6.8,9.1,31.0,45140.0,NO BS,DCA,1.0,0.1,0.3675,1,-35.81,45.68,38.43
789,2021-11-11T03:50:30.000Z,GMM,Gamium,0.00039633963919701807,0.07,0.86,-10.65,-29.13,-43.2,-58.17,GMM,,Degen (GHR),Metaverse,0.0,0.0,0.0,0.0,,0.0,0.0,0.0,0.0,,,Super Risk One Shot,,,0.0005172,0,100,100,100
30,2019-09-17T00:00:00.000Z,HBAR,Hedera,0.04930229778420822,-0.15,2.0,-4.37,-17.96,4.32,2.46,HBAR,,Low Risk (MR),Layer 1,0.05,0.035,0.02,0.033333333,,0.69,2.0,5.5,0.0,,NO BS - Suppoman,DCA,1.0,0.1,0.044164545,1,-1.42,29.01,32.39
,2023-04-19T15:44:36.000Z,HELI,HeliSwap,0.006769822493206529,0,0,0,17.67,-34.83,-67.6,HELI,,Degen (GHR),Dex Eco System,0.0,0.0,0.0,0.0,,0.0,0.0,0.0,0.0,,,Super Risk One Shot,,,N/A,0,100,100,100
493,2022-10-20T13:00:42.000Z,HELLO,HELLO Labs,0.04512240444947366,-0.13,-1.42,-9.56,11.97,12.15,21.87,HELLO,,High Risk (EHR),Layer 1,0.025,0.01,0.0,0.041666667,,0.0,2.5,5.0,0.0,,Suppoman,Price Target Only,1.0,0.04,N/A,0,44.6,77.84,7.66
673,2021-07-07T00:00:00.000Z,HERO,Metahero,0.0026325146316693512,-0.01,0.83,-1.38,-9.37,-10.42,-20.26,HERO,,Degen (GHR),Metaverse,0.0,0.0,0.0,0.0,,0.0,0.0,0.0,28.0,45108.0,Beanstock,Price Target only,,,N/A,0,100,100,100
208,2019-12-17T00:00:00.000Z,HEX,HEX,0.003922887320627939,-0.04,0.46,1.45,-26.16,-51.62,-53.39,HEX,,Low Risk (MR),DeFi - Community,0.0135,0.0099,0.003,0.016666667,,0.0,1.0,2.0,0.0,,Suppoman,Price Target Only,,,0.028907319,3,-244.13,-152.37,-324.86
260,2022-10-31T07:02:20.000Z,HFT,Hashflow,0.3691835010438479,9.13,8.29,16.29,1.26,3.99,-10.08,HFT,,High Risk (EHR),DeFi,0.2,0.1,0.05,0.0,,0.0,0.0,0.0,0.0,,Suppoman,Need to Research,,,0.5431,0,45.83,72.91,100
328,2021-08-12T00:00:00.000Z,HIGH,Highstreet,1.290975246105386,-0.27,1.22,14.58,3.04,10.45,-18.17,HIGH,,High Risk (EHR),Metaverse,0.6,0.0,0.0,0.0,,0.0,0.0,0.0,28.0,45108.0,Suppoman,Price Target only,,,N/A,0,53.52,100,100
121,2020-06-05T00:00:00.000Z,HNT,Helium,1.4874538523747287,0.08,-1.82,-6.75,-29.87,10.33,5.82,HNT,,Medium Risk (VHR),Connectivity,1.25,0.8,0.5,0.833333333,,0.0,50.0,100.0,0.0,,Suppoman,Blocked,,,2.603081651,0,15.96,46.22,43.98
31,2021-03-23T00:00:00.000Z,ICP,Internet Computer,3.3249995706078823,-0.18,0.53,-0.11,-19.9,-17.79,-22.06,ICP,Nerative change to Networks beeing green,Low Risk (MR),Cloud Infra,3.5,2.5,1.0,1.083333333,,50.0,65.0,80.0,24.0,45093.0,Bit Boy,Invest and Hold,1.0,,3.6792,1,-5.26,24.81,67.42
56,2021-06-24T00:00:00.000Z,IMX,Immutable,0.5450779350050609,0.3,0.67,-2.94,-25.71,-22.29,-25.19,IMX,,Medium Risk (HR),NFT,0.2,0.1,0.05,0.125,,0.0,7.5,15.0,0.0,,Suppoman,Invest and Hold,1.0,,0.402491142,0,63.31,81.65,77.07
2509,2022-02-14T09:39:19.000Z,IRON,Iron Fish,0.6806463465759248,-0.03,-0.63,-7.25,-18.43,-22.62,-51.72,IRON,,Degen (GHR),Layer 1 - POW,0.0,0.0,0.0,0.0,,0.0,0.0,0.0,0.0,,,,,,N/A,0,100,100,100
207,2022-06-01T00:03:58.000Z,KAS,Kaspa,0.03875469943379898,-1.65,-0.26,16.11,-17.48,53.88,140.66,KAS,,Medium Risk (HR),POW,0.015,0.012,0.01,0.0095,,0.13,0.57,1.5,0.0,,Suppoman,Need to Research,1.0,,0.003649459,0,61.3,69.04,75.49
170,2020-05-31T00:00:00.000Z,KDA,Kadena,0.4973914532547521,0.23,4.06,6.91,-4.87,-17.71,-19.75,KDA,,Medium Risk (VHR),POW,0.8,0.5,0.3,0.333333333,,10.0,20.0,30.0,0.0,,Suppoman,TOM,,,0.96399261,2,-60.84,-0.52,32.98
21,2017-09-20T00:00:00.000Z,LINK,Chainlink,6.278135943568664,-0.06,1.71,7.44,-14.78,1.87,4.93,LINK,,Low Risk (LR),Oracle,0.0,1.5,0.0,1.25,,0.0,75.0,150.0,0.0,,Suppoman,TOM,,,6.214925091,0,100,76.11,80.09
227,2020-05-25T00:00:00.000Z,LYX,LUKSO,6.126037518399171,1.75,-1.27,-3.59,-1.34,-4.05,-4.05,LYX,,Medium Risk (VHR),Adoption,0.0,0.0,0.0,0.0,,0.0,0.0,0.0,0.0,,,TOM,,,4.972667037,0,100,100,100
172,2021-11-18T11:20:24.000Z,MAGIC,MAGIC,0.5038010186819253,0.04,0.75,1.09,-33.59,-38.01,-40.88,MAGIC,,Medium Risk (VHR),Gaming,0.7,0.5,0.4,0.416666667,,0.0,25.0,50.0,0.0,,Suppoman,Price Target Only,1.0,0.02,0.22495,1,-38.94,0.75,17.3
60,2017-09-17T00:00:00.000Z,MANA,Decentraland,0.29497576499743583,-0.39,1.33,0.95,-20.63,-22.89,-28.68,MANA,,Medium Risk (HR),Metaverse,0.3,0.2,0.1,0.166666667,,0.0,10.0,20.0,0.0,,Suppoman,Blocked,,,0.457652761,1,-1.7,32.2,43.5
14,2019-04-28T00:00:00.000Z,MATIC,Polygon,0.5531794341378359,-0.25,0.69,0.09,-19.69,-20.74,-26.65,MATIC,,Low Risk (LR),Layer 2,0.5,0.3,0.25,0.083333333,,0.0,5.0,10.0,0.0,,,TOM,,,0.81410088,0,9.61,45.77,84.94
351,2021-05-08T00:00:00.000Z,METIS,MetisDAO,11.21477941680219,0.18,-0.62,-4.08,-31.9,-35.59,-44.17,METIS,,High Risk (EHR),Layer 2,0.0,0.0,0.0,0.0,,0.0,0.0,0.0,0.0,,,TOM,,,18.86876716,0,100,100,100
86,2021-03-02T00:00:00.000Z,MINA,Mina,0.37945201908684006,0.07,2.5,0.61,-16.23,-14.81,-24.5,MINA,,Medium Risk (VHR),Layer 1,0.25,0.2,0.1,0.229166667,,7.5,13.75,20.0,31.0,45140.0,Suppoman + NO BS,DCA,1.0,0.08,0.547811688,0,34.12,47.29,39.61
350,2018-05-22T00:00:00.000Z,MNW,Morpheus.Network,1.0618705530265717,1.49,1.66,0.24,-1.32,-11.42,-12.18,MNW,,High Risk (EHR),Supply Management,0.0,0.0,0.0,0.0,,0.0,0.0,0.0,0.0,,,Super Risk One Shot,1.0,0.03,1.11,0,100,100,100
856,2022-10-19T09:21:55.000Z,MYRIA,Myria,0.0016533225428329646,-1.29,2.18,22.52,21.77,2.39,-18.28,MYRIA,,Degen (GHR),Gaming,0.0,0.0,0.0006,0.0,,0.0,0.0,0.0,0.0,,,,,,N/A,0,100,100,100
41,2020-08-11T00:00:00.000Z,NEAR,NEAR Protocol,1.132661643956909,-0.47,1.22,-1.52,-16.99,-15.01,-19.22,NEAR,,Low Risk (MR),Layer 1,0.9,0.65,0.5,0.75,,0.0,45.0,90.0,0.0,,Suppoman,TOM,,,2.028381872,0,20.54,42.61,33.78
368,2022-10-18T06:35:35.000Z,OAS,Oasys,0.047610005810241024,-0.04,-0.25,-2.87,-5.23,-24.36,-34.63,OAS,,High Risk (EHR),Gaming,0.03,0.02,0.015,0.025,,0.0,1.5,3.0,0.0,,Suppoman,Super Risk One Shot,,,N/A,0,36.99,57.99,47.49
126,2019-05-06T00:00:00.000Z,OCEAN,Ocean Protocol,0.3285160736994665,0.54,1.5,3.05,-3.93,-14.24,-1.67,OCEAN,,Medium Risk (VHR),Filesharing,0.08,0.04,0.027,0.025,,0.0,1.5,3.0,0.0,,Suppoman,Blocked,,,0.124765598,0,75.65,87.82,92.39
2748,2021-09-22T03:05:06.000Z,OCT,Octopus Network,0.11177121184446304,-0.0001,-3.83,-10.49,-18.9,-27.64,-33.27,OCT,,Degen (GHR),Interoperability,0.2,0.15,0.1,0.166666667,,0.0,10.0,20.0,0.0,,Suppoman,Need to Research,1.0,0.05,N/A,3,-78.94,-34.2,-49.11
42,2022-05-31T16:19:46.000Z,OP,Optimism,1.3203992852079933,-0.14,0.37,-5.94,-21.27,8.75,-3.21,OP,,Low Risk (MR),Optimistic Role up,0.5,0.3,0.15,0.1,,3.75,6.0,15.0,0.0,,Suppoman,Blocked,,,0.78164801,0,62.13,77.28,92.43
552,2020-10-27T00:00:00.000Z,ORAI,Oraichain,1.7065223859921668,0.005,1.69,-4.27,-20.62,-35.29,-41.84,ORAI,Oracle AI Blockchain allows for use of AI models on it's blockchain,Degen (GHR),AI,1.0,0.5,0.2,0.833333333,,0.0,50.0,100.0,0.0,,,Super Risk One Shot,1.0,0.05,1.0722,0,41.4,70.7,51.17
92,2023-04-17T06:18:08.000Z,PEPE,Pepe,7.949995451874336e-07,0.1,1.35,-1.77,-33.05,-48.86,-31.43,PEPE,,MEME,MEME,7e-07,3e-07,1e-07,9.16667e-07,,1e-05,5.5e-05,0.0001,29.0,45108.0,Suppoman,Price Target only,,,N/A,3,11.95,62.26,-15.3
288,2020-12-22T00:00:00.000Z,POND,Marlin,0.008422921354999013,-0.93,6.86,7.21,-0.03,-8.64,4.6,POND,,High Risk (EHR),Layer 0,0.0035,0.002,0.0009,0.0025,,0.0,0.15,0.3,0.0,,Suppoman,Price Target Only,,,0.007705,0,58.45,76.26,70.32
37,2018-08-10T00:00:00.000Z,QNT,Quant,101.20389995830857,0.26,1.52,1.58,-0.9,-1.81,-6.38,QNT,,Low Risk (MR),Interoperability,100.0,90.0,50.0,33.33333333,,1500.0,2000.0,5000.0,0.0,,NO BS,Price Target Only,,,108.61,0,1.19,11.07,67.06
,2021-04-07T00:00:00.000Z,QUAI,QUAI DAO,0.0024447599391891253,-0.26,-28.16,967.95,552.6,-30.76,-33.56,QUAI,,Degen (GHR),Layer 1,0.0,0.0,0.0,0.0,,0.0,0.0,0.0,0.0,,,Not Out Yet,,,N/A,0,100,100,100
1196,2020-06-25T00:00:00.000Z,RIO,Realio Network,0.25088405186413126,-2.4,3.48,1.28,11.76,13.79,33.44,RIO,,Degen (GHR),Real World Assets,0.0,0.0,0.0,0.0,,0.0,0.0,0.0,0.0,,,Super Risk One Shot,,,1.396,0,100,100,100
61,2020-06-11T00:00:00.000Z,RNDR,Render,1.4790778568341794,1.07,8.58,7.96,-8.68,-24.09,-35.82,RNDR,,Medium Risk (HR),Metaverse,0.0,0.0,0.0,0.0,,0.0,0.0,0.0,0.0,,,Need to Research,,,0.434,0,100,100,100
751,2021-04-22T00:00:00.000Z,SAITO,Saito,0.009008545343942678,0.03,-0.05,-1.57,-9.94,-14.11,-13.27,SAITO,,Degen (GHR),WEB3,0.004,0.0025,0.001,0.002083333,,0.0,0.125,0.25,0.0,,Suppoman,Blocked,,,0.01056,0,55.6,72.25,76.87
53,2020-08-05T00:00:00.000Z,SAND,The Sandbox,0.3056027336339985,-0.14,0.66,-1.47,-25.22,-26.7,-36.19,SAND,,Medium Risk (HR),Metaverse,0.4,0.3,0.15,0.208333333,,0.0,12.5,25.0,0.0,,Suppoman,Price Target Only,,,0.566401709,1,-30.89,1.83,31.83
9,2020-04-10T00:00:00.000Z,SOL,Solana,19.675481610490582,0.19,1.17,-0.65,-18.06,-7.95,7.16,SOL,,Low Risk (LR),Layer 1,11.0,8.0,6.0,4.166666667,,0.0,250.0,500.0,0.0,,Suppoman,Price Target Only,,,13.97870155,0,44.09,59.34,78.82
685,2021-06-13T00:00:00.000Z,STOS,Stratos,0.631172975598031,0.07,-1.95,9.29,25.27,8.94,10.81,STOS,,Degen (GHR),Cloud Infra,0.17,0.1,0.04,0.05,,0.0,3.0,6.0,0.0,,Suppoman,Invest and Hold,1.0,0.02,0.396104732,0,73.07,84.16,92.08
4349,2021-09-20T19:10:22.000Z,SUNDAE,SundaeSwap,0.00844730926619191,-0.05,-0.78,6.76,-38.0,-37.1,-32.35,SUNDAE,,Degen (GHR),DeFi,0.012,0.009,0.005,0.033333333,,0.0,2.0,4.0,0.0,,Suppoman,Invest and Hold,1.0,0.05,0.015371204,3,-42.06,-6.54,-294.6
2664,2022-04-06T05:24:35.000Z,TAKI,TAKI,0.006195468967775199,0.05,0.81,0.82,-6.75,2.56,-4.21,TAKI,,Degen (GHR),DeSo,0.0,0.0025,0.0,0.004166667,,0.125,0.25,0.375,26.0,45107.0,Suppoman,Super Risk One Shot,,,0.006718,0,100,59.65,32.75
2269,2023-03-06T05:20:00.000Z,TAO,Bittensor,51.581656529694115,-0.08,0.15,-9.76,-19.02,-0.81,-0.3,TAO,,Degen (GHR),AI,0.0,0.0,15.0,8.333333333,,0.0,500.0,1000.0,0.0,,,,,,N/A,0,100,100,83.84
2189,2023-05-23T12:08:26.000Z,TENET,TENET,0.15478082607846222,0.35,7.11,5.43,31.99,20.26,-1.74,TENET,,Degen (GHR),Liquid Staking,0.0,0.04,0.0,0.133333333,,4.0,8.0,12.0,26.0,45107.0,Suppman,Super Risk One Shot,,,N/A,0,100,74.16,13.86
615,2021-06-30T00:00:00.000Z,UFO,UFO Gaming,6.488193654780772e-07,0.01,-0.94,-2.02,-19.43,-25.89,-37.17,UFO,,High Risk (EHR),Gaming,9.99e-07,8e-07,3e-07,4.16667e-07,,0.0,2.5e-05,5e-05,0.0,,Suppoman,Price Target Only,1.0,0.03,1.5506e-06,2,-53.97,-23.3,35.78
39,2017-08-22T00:00:00.000Z,VET,VeChain,0.015535224442809891,-0.32,0.8,-1.12,-12.64,-17.04,-9.44,VET,,Low Risk (MR),Logistics - Supply Management,0.0,0.0,0.0,0.0,,0.0,0.0,0.0,0.0,,,Need to Research,,,0.019421403,0,100,100,100
648,2019-10-03T00:00:00.000Z,VLX,Velas,0.005860182329206899,-0.67,2.89,12.54,-38.7,-55.09,-58.8,VLX,,High Risk (EHR),Layer 2,0.015,0.009,0.004,0.0125,,0.0,0.75,1.5,0.0,,Suppoman,Blocked,,,0.026982891,3,-155.96,-53.58,-113.3
621,2021-12-14T12:02:47.000Z,VOXEL,Voxies,0.13931771510434915,-0.07,3.51,6.19,-5.11,-0.27,-6.97,VOXEL,,Degen (GHR),Gaming,0.07,0.0,0.0,0.0,,0.0,0.0,0.0,28.0,45108.0,Suppoman,Price Target only,,,N/A,0,49.76,100,100
389,2019-04-03T00:00:00.000Z,VRA,Verasity,0.00410029739432808,-0.17,-0.22,-1.37,-10.92,-15.33,-11.39,VRA,,High Risk (EHR),Advertising ,0.003,0.002,0.001,0.00125,,0.06,0.075,0.09,31.0,45140.0,NO BS,Need to Research,1.0,0.02,0.00316745,0,26.83,51.22,69.51
45,2018-04-12T00:00:00.000Z,XDC,XDC Network,0.05414106752440466,0.25,-0.16,-6.8,-19.38,70.54,51.89,XDC,,Medium Risk (HR),Defi,0.0,0.0,0.0,0.035916667,,0.66,2.155,3.65,30.0,45108.0,NO BS,Blocked,,,0.08747,0,100,100,33.66
2280,2022-10-09T06:19:56.000Z,XEN,XEN Crypto,6.276098396262829e-07,-0.41,0.73,-4.42,-13.62,-45.24,-66.18,XEN,,MEME,MEME,8e-07,3e-07,1e-07,8.33333e-07,,0.0,5e-05,0.0001,0.0,,Suppoman,Price Target Only,1.0,,1.38041e-05,3,-27.47,52.2,-32.78
